{"cameraMode":{"drawMode":3,"name":"Shadow Cascades","section":"Miscellaneous"},"sceneLighting":true,"audioPlay":false,"sceneViewState":{"showFog":true,"showMaterialUpdate":true,"showSkybox":false,"showFlares":true,"showImageEffects":true,"showParticleSystems":true},"in2DMode":false,"pivot":{"x":412.2900085449219,"y":-174.20333862304688,"z":109.64814758300781},"rotation":{"x":0.05842234939336777,"y":-0.9277539849281311,"z":0.33025580644607546,"w":0.16387934982776643},"size":295.23681640625,"orthographic":false}