{"cameraMode":{"drawMode":3,"name":"Shadow Cascades","section":"Miscellaneous"},"sceneLighting":true,"audioPlay":false,"sceneViewState":{"showFog":true,"showMaterialUpdate":true,"showSkybox":false,"showFlares":true,"showImageEffects":true,"showParticleSystems":true},"in2DMode":false,"pivot":{"x":229.87545776367188,"y":155.22557067871095,"z":129.10110473632813},"rotation":{"x":0.0020928082522004844,"y":-0.9959818720817566,"z":-0.08686743676662445,"w":-0.0230320505797863},"size":107.05107116699219,"orthographic":false}