{"cameraMode":{"drawMode":3,"name":"Shadow Cascades","section":"Miscellaneous"},"sceneLighting":true,"audioPlay":false,"sceneViewState":{"showFog":true,"showMaterialUpdate":true,"showSkybox":false,"showFlares":true,"showImageEffects":true,"showParticleSystems":true},"in2DMode":false,"pivot":{"x":346.9675598144531,"y":99.2679672241211,"z":210.97195434570313},"rotation":{"x":-0.05537636578083038,"y":-0.871117889881134,"z":-0.10106708109378815,"w":0.4773600101470947},"size":61.49238204956055,"orthographic":true}